{
  "model": "v4c_v2_dualctx",
  "seed": 1,
  "epoch": 3,
  "val_step": 16,
  "datasets": {
    "geco_test": {
      "r_trt": 0.43394277341524506,
      "r_ffd": 0.1784960004171515,
      "r_gaze": 0.37985545905145496,
      "r_skip": 0.39580961580950924,
      "mae_trt": 58.992165609215895,
      "mae_ffd": 35.928879094215894,
      "mae_gaze": 44.04372168572392,
      "bias_trt": -8.206680752390128,
      "bias_ffd": 0.8804988045057769,
      "bias_gaze": 3.63476667697779,
      "mean_pred_trt": 257.1206456225821,
      "mean_human_trt": 265.32732637497224,
      "mean_pred_skip": 0.5375114345165802,
      "mean_human_skip": 0.5266514979294474,
      "std_pred_skip": 0.305231334258548,
      "n_words": 5501
    },
    "provo": {
      "r_trt": 0.5996713337393335,
      "r_ffd": 0.23430276780250625,
      "r_gaze": 0.6054370326791685,
      "r_skip": 0.5462375576887208,
      "mae_trt": 45.932522375403174,
      "mae_ffd": 19.29833688471381,
      "mae_gaze": 30.2639880244396,
      "bias_trt": -24.185194617298748,
      "bias_ffd": 4.218620081718512,
      "bias_gaze": -3.611384411900872,
      "mean_pred_trt": 265.2718276115136,
      "mean_human_trt": 289.4570222288123,
      "mean_pred_skip": 0.5358810150136518,
      "mean_human_skip": 0.44056141672946497,
      "std_pred_skip": 0.27746103349101103,
      "n_words": 2654
    }
  },
  "cog_params": {
    "l1_base_offset": 59.971214294433594,
    "l1_freq_coef": -16.968280792236328,
    "alpha1_reichle": 93.90777587890625,
    "alpha2_reichle": 3.3936562538146973,
    "delta": 0.31663382053375244,
    "epsilon": 1.1460816860198975,
    "M1": 124.53318786621094,
    "M2": 24.52604866027832,
    "I": 24.52604866027832,
    "lambda_refix": 0.6494799852371216,
    "refix_pivot": 8.297616958618164,
    "skip_temperature": 31.122631072998047
  }
}