{
  "model": "v4c_v2_dualctx",
  "seed": 2,
  "epoch": 4,
  "val_step": 22,
  "datasets": {
    "geco_test": {
      "r_trt": 0.43354287883924963,
      "r_ffd": 0.18921409158561367,
      "r_gaze": 0.37875409830748663,
      "r_skip": 0.40494992167896143,
      "mae_trt": 58.9658351657299,
      "mae_ffd": 35.95711997694878,
      "mae_gaze": 44.30358555557202,
      "bias_trt": -10.231207640057391,
      "bias_ffd": 0.8286683872423168,
      "bias_gaze": 1.760619699040177,
      "mean_pred_trt": 255.09611873491485,
      "mean_human_trt": 265.32732637497224,
      "mean_pred_skip": 0.5293136531848582,
      "mean_human_skip": 0.5266514979294474,
      "std_pred_skip": 0.30259258504360675,
      "n_words": 5501
    },
    "provo": {
      "r_trt": 0.5914944471521305,
      "r_ffd": 0.252369388108216,
      "r_gaze": 0.5954939711480441,
      "r_skip": 0.554706198419044,
      "mae_trt": 46.874295393004765,
      "mae_ffd": 19.620225892968392,
      "mae_gaze": 31.365597217095697,
      "bias_trt": -26.430490523509377,
      "bias_ffd": 4.058298376770637,
      "bias_gaze": -5.706299490013009,
      "mean_pred_trt": 263.02653170530294,
      "mean_human_trt": 289.4570222288123,
      "mean_pred_skip": 0.5249996396146551,
      "mean_human_skip": 0.44056141672946497,
      "std_pred_skip": 0.27520295510744847,
      "n_words": 2654
    }
  },
  "cog_params": {
    "l1_base_offset": 59.9727897644043,
    "l1_freq_coef": -16.967010498046875,
    "alpha1_reichle": 93.90681457519531,
    "alpha2_reichle": 3.393402099609375,
    "delta": 0.30999746918678284,
    "epsilon": 1.1468011140823364,
    "M1": 124.38471984863281,
    "M2": 24.37567138671875,
    "I": 24.37567138671875,
    "lambda_refix": 0.6985345482826233,
    "refix_pivot": 8.373587608337402,
    "skip_temperature": 31.129642486572266
  }
}