{
  "model": "v4c_v2_dualctx",
  "seed": 42,
  "epoch": 3,
  "val_step": 18,
  "datasets": {
    "geco_test": {
      "r_trt": 0.4332637070743559,
      "r_ffd": 0.18921709414222698,
      "r_gaze": 0.37896321637782904,
      "r_skip": 0.3864073150741278,
      "mae_trt": 58.922742435564544,
      "mae_ffd": 35.672245505631764,
      "mae_gaze": 44.124749243757286,
      "bias_trt": -8.665056024047033,
      "bias_ffd": 0.9554927847595422,
      "bias_gaze": 3.2152599264739763,
      "mean_pred_trt": 256.6622703509252,
      "mean_human_trt": 265.32732637497224,
      "mean_pred_skip": 0.5406450805858701,
      "mean_human_skip": 0.5266514979294474,
      "std_pred_skip": 0.30250813071762006,
      "n_words": 5501
    },
    "provo": {
      "r_trt": 0.5932387175753508,
      "r_ffd": 0.24748911468438464,
      "r_gaze": 0.5986678878117443,
      "r_skip": 0.5415968944919249,
      "mae_trt": 46.09169999261151,
      "mae_ffd": 19.376800034938636,
      "mae_gaze": 30.830795315462947,
      "bias_trt": -23.95536764483751,
      "bias_ffd": 4.952324712635658,
      "bias_gaze": -3.342688112029606,
      "mean_pred_trt": 265.5016545839748,
      "mean_human_trt": 289.4570222288123,
      "mean_pred_skip": 0.5364516353211103,
      "mean_human_skip": 0.44056141672946497,
      "std_pred_skip": 0.2761835777102639,
      "n_words": 2654
    }
  },
  "cog_params": {
    "l1_base_offset": 59.9726448059082,
    "l1_freq_coef": -16.968809127807617,
    "alpha1_reichle": 93.91026306152344,
    "alpha2_reichle": 3.3937618732452393,
    "delta": 0.3146321773529053,
    "epsilon": 1.1463096141815186,
    "M1": 124.49488067626953,
    "M2": 24.4871826171875,
    "I": 24.4871826171875,
    "lambda_refix": 0.6624192595481873,
    "refix_pivot": 8.317525863647461,
    "skip_temperature": 31.113571166992188
  }
}