{
  "model": "v4c_v2_dualctx",
  "seed": 100,
  "epoch": 3,
  "val_step": 18,
  "datasets": {
    "geco_test": {
      "r_trt": 0.4337997397803488,
      "r_ffd": 0.21225484287173343,
      "r_gaze": 0.3766624325890932,
      "r_skip": 0.3909235847008576,
      "mae_trt": 59.0192820684801,
      "mae_ffd": 35.40849233556111,
      "mae_gaze": 44.977596271563584,
      "bias_trt": -5.344563483650461,
      "bias_ffd": 4.107636694828983,
      "bias_gaze": 6.537004955209881,
      "mean_pred_trt": 259.9827628913218,
      "mean_human_trt": 265.32732637497224,
      "mean_pred_skip": 0.5280782445197459,
      "mean_human_skip": 0.5266514979294474,
      "std_pred_skip": 0.2981675297144531,
      "n_words": 5501
    },
    "provo": {
      "r_trt": 0.6007191446435506,
      "r_ffd": 0.28084310648550487,
      "r_gaze": 0.6059605142458241,
      "r_skip": 0.5437231037694807,
      "mae_trt": 45.34741762500097,
      "mae_ffd": 19.355542401469954,
      "mae_gaze": 30.82303141219041,
      "bias_trt": -21.290498274560264,
      "bias_ffd": 7.475384968685262,
      "bias_gaze": -0.6765663309326726,
      "mean_pred_trt": 268.16652395425206,
      "mean_human_trt": 289.4570222288123,
      "mean_pred_skip": 0.5261644125322329,
      "mean_human_skip": 0.44056141672946497,
      "std_pred_skip": 0.27254306098422687,
      "n_words": 2654
    }
  },
  "cog_params": {
    "l1_base_offset": 59.9736442565918,
    "l1_freq_coef": -16.969078063964844,
    "alpha1_reichle": 93.91180419921875,
    "alpha2_reichle": 3.393815755844116,
    "delta": 0.3150356411933899,
    "epsilon": 1.1465260982513428,
    "M1": 124.49348449707031,
    "M2": 24.485929489135742,
    "I": 24.485929489135742,
    "lambda_refix": 0.6627045273780823,
    "refix_pivot": 8.31832218170166,
    "skip_temperature": 31.121461868286133
  }
}