{
  "model": "v4c_v2_dualctx",
  "seed": 3,
  "epoch": 3,
  "val_step": 18,
  "datasets": {
    "geco_test": {
      "r_trt": 0.43658215548886137,
      "r_ffd": 0.20320253434028332,
      "r_gaze": 0.38062113561691574,
      "r_skip": 0.3877735008694016,
      "mae_trt": 58.80792759105496,
      "mae_ffd": 35.43267982432912,
      "mae_gaze": 44.455279304015725,
      "bias_trt": -7.2814847897064965,
      "bias_ffd": 2.336851877473322,
      "bias_gaze": 4.602879108684107,
      "mean_pred_trt": 258.04584158526575,
      "mean_human_trt": 265.32732637497224,
      "mean_pred_skip": 0.5458274297221363,
      "mean_human_skip": 0.5266514979294474,
      "std_pred_skip": 0.30509794075970875,
      "n_words": 5501
    },
    "provo": {
      "r_trt": 0.597222817861025,
      "r_ffd": 0.27600002240881444,
      "r_gaze": 0.6018248099934792,
      "r_skip": 0.5325877683687029,
      "mae_trt": 45.84590818105161,
      "mae_ffd": 19.14372050088434,
      "mae_gaze": 30.860803081391452,
      "bias_trt": -23.007503379711807,
      "bias_ffd": 5.917198491518576,
      "bias_gaze": -2.390774800165417,
      "mean_pred_trt": 266.4495188491005,
      "mean_human_trt": 289.4570222288123,
      "mean_pred_skip": 0.5461018071112542,
      "mean_human_skip": 0.44056141672946497,
      "std_pred_skip": 0.27634199921887004,
      "n_words": 2654
    }
  },
  "cog_params": {
    "l1_base_offset": 59.97334671020508,
    "l1_freq_coef": -16.96883773803711,
    "alpha1_reichle": 93.91102600097656,
    "alpha2_reichle": 3.3937675952911377,
    "delta": 0.31417080760002136,
    "epsilon": 1.1462337970733643,
    "M1": 124.49044036865234,
    "M2": 24.483137130737305,
    "I": 24.483137130737305,
    "lambda_refix": 0.664616048336029,
    "refix_pivot": 8.320199012756348,
    "skip_temperature": 31.126794815063477
  }
}