{
  "model": "bert_regression",
  "seed": 3,
  "datasets": {
    "geco_test": {
      "r_trt": 0.44756213360295233,
      "r_ffd": 0.21674359023740317,
      "r_gaze": 0.38430915956064515,
      "r_skip": 0.6464423998071744,
      "mae_trt": 59.05319831178082,
      "mae_ffd": 35.28242579668779,
      "mae_gaze": 43.03201342086116,
      "bias_trt": -16.23785641121478,
      "bias_ffd": -4.847641894211279,
      "bias_gaze": -10.66890556571991,
      "mean_pred_skip": 0.5593309428470392,
      "mean_human_skip": 0.5266514979294474
    },
    "provo": {
      "r_trt": 0.5912916548957593,
      "r_ffd": 0.2964329854468473,
      "r_gaze": 0.5703859497915622,
      "r_skip": 0.7714168962558589,
      "mae_trt": 50.772883763541024,
      "mae_ffd": 18.464234673290566,
      "mae_gaze": 34.06703443264565,
      "bias_trt": -34.75947266614969,
      "bias_ffd": -1.3794873029466714,
      "bias_gaze": -22.412678216929123,
      "mean_pred_skip": 0.5388519816050066,
      "mean_human_skip": 0.44056141672946497
    }
  }
}