{
  "model": "bert_regression",
  "seed": 2,
  "datasets": {
    "geco_test": {
      "r_trt": 0.44954057599424435,
      "r_ffd": 0.2240018129922086,
      "r_gaze": 0.3865682520947078,
      "r_skip": 0.641879954888362,
      "mae_trt": 58.50605206616635,
      "mae_ffd": 34.78862862204655,
      "mae_gaze": 42.69140274902236,
      "bias_trt": -6.18245743446181,
      "bias_ffd": -1.4317540896546177,
      "bias_gaze": 0.8264049876125341,
      "mean_pred_skip": 0.5352970713421423,
      "mean_human_skip": 0.5266514979294474
    },
    "provo": {
      "r_trt": 0.6026699306138756,
      "r_ffd": 0.30497902075249933,
      "r_gaze": 0.5735116662817009,
      "r_skip": 0.7771332869484296,
      "mae_trt": 47.42955709550437,
      "mae_ffd": 17.747744803379994,
      "mae_gaze": 31.210426864930504,
      "bias_trt": -27.828815025679603,
      "bias_ffd": 0.7229894020453571,
      "bias_gaze": -13.127516223323141,
      "mean_pred_skip": 0.5273626998751884,
      "mean_human_skip": 0.44056141672946497
    }
  }
}