{
  "model": "bert_regression",
  "seed": 42,
  "datasets": {
    "geco_test": {
      "r_trt": 0.44975648372888016,
      "r_ffd": 0.22290608080380378,
      "r_gaze": 0.38611726151698933,
      "r_skip": 0.6416488573448973,
      "mae_trt": 59.85006323616203,
      "mae_ffd": 34.85256223862154,
      "mae_gaze": 42.871923704219626,
      "bias_trt": 5.479986136034256,
      "bias_ffd": 0.1045523293642816,
      "bias_gaze": 2.0908794885089605,
      "mean_pred_skip": 0.5057466025353344,
      "mean_human_skip": 0.5266514979294474
    },
    "provo": {
      "r_trt": 0.5899158192541335,
      "r_ffd": 0.287127646430277,
      "r_gaze": 0.5651363469040317,
      "r_skip": 0.7788688453784268,
      "mae_trt": 45.85702402380986,
      "mae_ffd": 17.84512059950692,
      "mae_gaze": 31.1403520753374,
      "bias_trt": -15.06492667595245,
      "bias_ffd": 2.4351284828145197,
      "bias_gaze": -10.825711283357435,
      "mean_pred_skip": 0.49090364595598623,
      "mean_human_skip": 0.44056141672946497
    }
  }
}