{
  "model": "bert_regression",
  "seed": 1,
  "datasets": {
    "geco_test": {
      "r_trt": 0.4550037801224511,
      "r_ffd": 0.217307019914275,
      "r_gaze": 0.38793939080434586,
      "r_skip": 0.640471076305983,
      "mae_trt": 59.09621026689727,
      "mae_ffd": 34.84055123674138,
      "mae_gaze": 42.50349595073282,
      "bias_trt": 1.6316984340157887,
      "bias_ffd": -1.59016879616928,
      "bias_gaze": -1.0596333995841007,
      "mean_pred_skip": 0.5244738438891793,
      "mean_human_skip": 0.5266514979294474
    },
    "provo": {
      "r_trt": 0.593550833389898,
      "r_ffd": 0.2990782725255217,
      "r_gaze": 0.5703976101549696,
      "r_skip": 0.7699879777313389,
      "mae_trt": 46.20621683479539,
      "mae_ffd": 17.73616983388029,
      "mae_gaze": 31.598375368749736,
      "bias_trt": -19.57276053480757,
      "bias_ffd": 0.42325812231428017,
      "bias_gaze": -14.586617011269993,
      "mean_pred_skip": 0.5045257545361954,
      "mean_human_skip": 0.44056141672946497
    }
  }
}