{
  "model": "bert_regression",
  "seed": 100,
  "datasets": {
    "geco_test": {
      "r_trt": 0.44360202066060395,
      "r_ffd": 0.21975547476190901,
      "r_gaze": 0.38324233988471307,
      "r_skip": 0.6323682285322717,
      "mae_trt": 59.24872722540862,
      "mae_ffd": 35.27225290126478,
      "mae_gaze": 43.02852679771996,
      "bias_trt": -14.701215004773928,
      "bias_ffd": -4.713169929474844,
      "bias_gaze": -9.120926494831451,
      "mean_pred_skip": 0.5577120077954576,
      "mean_human_skip": 0.5266514979294474
    },
    "provo": {
      "r_trt": 0.6043153685093751,
      "r_ffd": 0.3088913915873801,
      "r_gaze": 0.5790952514915757,
      "r_skip": 0.7654431141610577,
      "mae_trt": 51.16047976751578,
      "mae_ffd": 18.49158645417088,
      "mae_gaze": 34.259554076287664,
      "bias_trt": -35.61662110755924,
      "bias_ffd": -2.4105055349343445,
      "bias_gaze": -22.75281551176451,
      "mean_pred_skip": 0.5460159543230737,
      "mean_human_skip": 0.44056141672946497
    }
  }
}