{
  "model": "ohio_state_roberta",
  "seed": 3,
  "datasets": {
    "geco_test": {
      "r_trt": 0.40431110907723444,
      "r_ffd": 0.14049863706944843,
      "r_gaze": 0.3417809843949875,
      "r_skip": 0.7441552396375927,
      "mae_trt": 62.169503762843576,
      "mae_ffd": 35.52291176685121,
      "mae_gaze": 43.91177040562285,
      "bias_trt": 5.865501056062158,
      "bias_ffd": -0.08990941617196313,
      "bias_gaze": 1.7295433430056733,
      "mean_pred_skip": 0.5158892615267069,
      "mean_human_skip": 0.5266514979294474
    },
    "provo": {
      "r_trt": 0.5867305785568631,
      "r_ffd": 0.2541723581597654,
      "r_gaze": 0.5866369695914483,
      "r_skip": 0.8717076755369934,
      "mae_trt": 48.25698244981107,
      "mae_ffd": 17.70645926437055,
      "mae_gaze": 32.0893234828098,
      "bias_trt": -13.410907115357759,
      "bias_ffd": 2.47194247893475,
      "bias_gaze": -10.624320967350798,
      "mean_pred_skip": 0.49135241146005,
      "mean_human_skip": 0.44056141672946497
    }
  }
}