{
  "model": "ohio_state_roberta",
  "seed": 2,
  "datasets": {
    "geco_test": {
      "r_trt": 0.40424953426329213,
      "r_ffd": 0.1403823409792963,
      "r_gaze": 0.34177614843694687,
      "r_skip": 0.736906701448621,
      "mae_trt": 61.98082743657208,
      "mae_ffd": 35.711574952539735,
      "mae_gaze": 44.11314922693392,
      "bias_trt": 4.573129823155057,
      "bias_ffd": 2.3548068565618223,
      "bias_gaze": 3.3121740295827067,
      "mean_pred_skip": 0.5102605232635404,
      "mean_human_skip": 0.5266514979294474
    },
    "provo": {
      "r_trt": 0.5867376211748557,
      "r_ffd": 0.2538833556512958,
      "r_gaze": 0.5864893614552878,
      "r_skip": 0.8699456500423889,
      "mae_trt": 48.31738878498651,
      "mae_ffd": 18.149942127908588,
      "mae_gaze": 32.075443428432536,
      "bias_trt": -14.768837566832076,
      "bias_ffd": 4.629490418899337,
      "bias_gaze": -9.063913289992854,
      "mean_pred_skip": 0.486047720173044,
      "mean_human_skip": 0.44056141672946497
    }
  }
}