{
  "model": "ohio_state_roberta",
  "seed": 100,
  "datasets": {
    "geco_test": {
      "r_trt": 0.38901004838536446,
      "r_ffd": 0.1406293655042454,
      "r_gaze": 0.34179969364968477,
      "r_skip": 0.7414187260098981,
      "mae_trt": 62.566981509537165,
      "mae_ffd": 35.68859229943607,
      "mae_gaze": 44.24057389166246,
      "bias_trt": 7.420212768745216,
      "bias_ffd": 3.0693688723414425,
      "bias_gaze": 4.453447135622213,
      "mean_pred_skip": 0.5211461806347144,
      "mean_human_skip": 0.5266514979294474
    },
    "provo": {
      "r_trt": 0.5823269637477173,
      "r_ffd": 0.25446391679376235,
      "r_gaze": 0.5865026110235542,
      "r_skip": 0.8686806995135945,
      "mae_trt": 48.005799111733246,
      "mae_ffd": 18.24186099337901,
      "mae_gaze": 31.94861429643124,
      "bias_trt": -13.252810290188563,
      "bias_ffd": 5.681636485365203,
      "bias_gaze": -7.831652580921627,
      "mean_pred_skip": 0.48690846140167277,
      "mean_human_skip": 0.44056141672946497
    }
  }
}