{
  "model": "ohio_state_roberta",
  "seed": 1,
  "datasets": {
    "geco_test": {
      "r_trt": 0.4469646005609212,
      "r_ffd": 0.14051688268124943,
      "r_gaze": 0.3417961930641833,
      "r_skip": 0.7398880332670668,
      "mae_trt": 59.96742722673279,
      "mae_ffd": 35.76412807209896,
      "mae_gaze": 44.17292344972415,
      "bias_trt": 5.641710099708121,
      "bias_ffd": 3.841834514241782,
      "bias_gaze": 3.974700160085632,
      "mean_pred_skip": 0.5256236513063834,
      "mean_human_skip": 0.5266514979294474
    },
    "provo": {
      "r_trt": 0.6005219550934308,
      "r_ffd": 0.2544282560959811,
      "r_gaze": 0.5863336832403445,
      "r_skip": 0.8630663422432393,
      "mae_trt": 45.68268812962874,
      "mae_ffd": 18.433803302849473,
      "mae_gaze": 31.95445588136792,
      "bias_trt": -16.360761427843386,
      "bias_ffd": 6.47636843616101,
      "bias_gaze": -8.31712329881097,
      "mean_pred_skip": 0.495824730606257,
      "mean_human_skip": 0.44056141672946497
    }
  }
}