{
  "model": "ohio_state_roberta",
  "seed": 42,
  "datasets": {
    "geco_test": {
      "r_trt": 0.45283662334991703,
      "r_ffd": 0.14046645394265134,
      "r_gaze": 0.3418030329405624,
      "r_skip": 0.7426953553713868,
      "mae_trt": 59.696737551301034,
      "mae_ffd": 35.62441944295917,
      "mae_gaze": 44.43679183859972,
      "bias_trt": 6.541597306717222,
      "bias_ffd": 2.2343408693984372,
      "bias_gaze": 5.766977737702007,
      "mean_pred_skip": 0.5205469007243722,
      "mean_human_skip": 0.5266514979294474
    },
    "provo": {
      "r_trt": 0.6012700647789335,
      "r_ffd": 0.25419714203250676,
      "r_gaze": 0.5863277408682159,
      "r_skip": 0.871174491641096,
      "mae_trt": 44.644820233931256,
      "mae_ffd": 18.062201845340862,
      "mae_gaze": 31.918089792609017,
      "bias_trt": -11.113517967758128,
      "bias_ffd": 4.8168087220226425,
      "bias_gaze": -6.470589886409442,
      "mean_pred_skip": 0.49202642652129625,
      "mean_human_skip": 0.44056141672946497
    }
  }
}